"Pass []","re(Mode(1)) [g]"
1,7.84446993602583
2,7.95183638099714
3,7.98665121176315
4,8.00493624132778
5,8.0110739892273
6,8.01678828478757
7,8.02050820123574
8,
9,
10,
11,
12,
13,
14,
15,
16,
17,
18,
19,
20,
21,
22,
23,
24,
25,
26,
27,
28,
29,
30,
