"Pass []","re(Mode(1)) [g]"
1,6.30381061679804
2,6.38629526108328
3,
4,
5,
6,
7,
8,
9,
10,
